Date,Close
2012/05/18 16:00:00,38.23
2012/05/21 16:00:00,34.03
2012/05/22 16:00:00,31
2012/05/23 16:00:00,32
2012/05/24 16:00:00,33.03
2012/05/25 16:00:00,31.91
2012/05/29 16:00:00,28.84
2012/05/30 16:00:00,28.19
2012/05/31 16:00:00,29.6
2012/06/01 16:00:00,27.72
2012/06/04 16:00:00,26.9
2012/06/05 16:00:00,25.87
2012/06/06 16:00:00,26.81
2012/06/07 16:00:00,26.31
2012/06/08 16:00:00,27.1
2012/06/11 16:00:00,27.01
2012/06/12 16:00:00,27.4
2012/06/13 16:00:00,27.27
2012/06/14 16:00:00,28.29
2012/06/15 16:00:00,30.01
2012/06/18 16:00:00,31.41
2012/06/19 16:00:00,31.91
2012/06/20 16:00:00,31.6
2012/06/21 16:00:00,31.84
2012/06/22 16:00:00,33.05
2012/06/25 16:00:00,32.06
2012/06/26 16:00:00,33.1
2012/06/27 16:00:00,32.23
2012/06/28 16:00:00,31.36
2012/06/29 16:00:00,31.1
2012/07/02 16:00:00,30.77
2012/07/03 16:00:00,31.2
2012/07/05 16:00:00,31.47
2012/07/06 16:00:00,31.73
2012/07/09 16:00:00,32.17
2012/07/10 16:00:00,31.47
2012/07/11 16:00:00,30.97
2012/07/12 16:00:00,30.81
2012/07/13 16:00:00,30.72
2012/07/16 16:00:00,28.25
2012/07/17 16:00:00,28.09
2012/07/18 16:00:00,29.11
2012/07/19 16:00:00,29
2012/07/20 16:00:00,28.76
2012/07/23 16:00:00,28.75
2012/07/24 16:00:00,28.45
2012/07/25 16:00:00,29.34
2012/07/26 16:00:00,26.85
2012/07/27 16:00:00,23.71
2012/07/30 16:00:00,23.15
2012/07/31 16:00:00,21.71
2012/08/01 16:00:00,20.88
2012/08/02 16:00:00,20.04
2012/08/03 16:00:00,21.09
2012/08/06 16:00:00,21.92
2012/08/07 16:00:00,20.72
2012/08/08 16:00:00,20.72
2012/08/09 16:00:00,21.01
2012/08/10 16:00:00,21.81
2012/08/13 16:00:00,21.6
2012/08/14 16:00:00,20.38
2012/08/15 16:00:00,21.2
2012/08/16 16:00:00,19.87
2012/08/17 16:00:00,19.05
2012/08/20 16:00:00,20.01
2012/08/21 16:00:00,19.16
2012/08/22 16:00:00,19.44
2012/08/23 16:00:00,19.44
2012/08/24 16:00:00,19.41
2012/08/27 16:00:00,19.15
2012/08/28 16:00:00,19.34
2012/08/29 16:00:00,19.1
2012/08/30 16:00:00,19.09
2012/08/31 16:00:00,18.06
2012/09/04 16:00:00,17.73
2012/09/05 16:00:00,18.58
2012/09/06 16:00:00,18.96
2012/09/07 16:00:00,18.98
2012/09/10 16:00:00,18.81
2012/09/11 16:00:00,19.43
2012/09/12 16:00:00,20.93
2012/09/13 16:00:00,20.71
2012/09/14 16:00:00,22
2012/09/17 16:00:00,21.52
2012/09/18 16:00:00,21.87
2012/09/19 16:00:00,23.29
2012/09/20 16:00:00,22.59
2012/09/21 16:00:00,22.86
2012/09/24 16:00:00,20.79
2012/09/25 16:00:00,20.28
2012/09/26 16:00:00,20.62
2012/09/27 16:00:00,20.32
2012/09/28 16:00:00,21.66
2012/10/01 16:00:00,21.99
2012/10/02 16:00:00,22.27
2012/10/03 16:00:00,21.83
2012/10/04 16:00:00,21.95
2012/10/05 16:00:00,20.91
2012/10/08 16:00:00,20.4
2012/10/09 16:00:00,20.23
2012/10/10 16:00:00,19.64
2012/10/11 16:00:00,19.75
2012/10/12 16:00:00,19.52
2012/10/15 16:00:00,19.52
2012/10/16 16:00:00,19.48
2012/10/17 16:00:00,19.88
2012/10/18 16:00:00,18.98
2012/10/19 16:00:00,19
2012/10/22 16:00:00,19.32
2012/10/23 16:00:00,19.5
2012/10/24 16:00:00,23.23
2012/10/25 16:00:00,22.56
2012/10/26 16:00:00,21.94
2012/10/31 16:00:00,21.11
2012/11/01 16:00:00,21.21
2012/11/02 16:00:00,21.18
2012/11/05 16:00:00,21.25
2012/11/06 16:00:00,21.17
2012/11/07 16:00:00,20.47
2012/11/08 16:00:00,19.99
2012/11/09 16:00:00,19.21
2012/11/12 16:00:00,20.07
2012/11/13 16:00:00,19.86
2012/11/14 16:00:00,22.36
2012/11/15 16:00:00,22.17
2012/11/16 16:00:00,23.56
2012/11/19 16:00:00,22.92
2012/11/20 16:00:00,23.1
2012/11/21 16:00:00,24.32
2012/11/23 16:00:00,24
2012/11/26 16:00:00,25.94
2012/11/27 16:00:00,26.15
2012/11/28 16:00:00,26.36
2012/11/29 16:00:00,27.32
2012/11/30 16:00:00,28
2012/12/03 16:00:00,27.04
2012/12/04 16:00:00,27.46
2012/12/05 16:00:00,27.71
2012/12/06 16:00:00,26.97
2012/12/07 16:00:00,27.49
2012/12/10 16:00:00,27.84
2012/12/11 16:00:00,27.98
2012/12/12 16:00:00,27.58
2012/12/13 16:00:00,28.24
2012/12/14 16:00:00,26.81
2012/12/17 16:00:00,26.75
2012/12/18 16:00:00,27.71
2012/12/19 16:00:00,27.41
2012/12/20 16:00:00,27.36
2012/12/21 16:00:00,26.26
2012/12/24 16:00:00,26.93
2012/12/26 16:00:00,26.51
2012/12/27 16:00:00,26.05
2012/12/28 16:00:00,25.91
2012/12/31 16:00:00,26.62
2013/01/02 16:00:00,28
2013/01/03 16:00:00,27.77
2013/01/04 16:00:00,28.76
2013/01/07 16:00:00,29.42
2013/01/08 16:00:00,29.06
2013/01/09 16:00:00,30.59
2013/01/10 16:00:00,31.3
2013/01/11 16:00:00,31.72
2013/01/14 16:00:00,30.95
2013/01/15 16:00:00,30.1
2013/01/16 16:00:00,29.85
2013/01/17 16:00:00,30.14
2013/01/18 16:00:00,29.66
2013/01/22 16:00:00,30.73
2013/01/23 16:00:00,30.82
2013/01/24 16:00:00,31.08
2013/01/25 16:00:00,31.54
2013/01/28 16:00:00,32.47
2013/01/29 16:00:00,30.79
2013/01/30 16:00:00,31.24
2013/01/31 16:00:00,30.98
2013/02/01 16:00:00,29.73
2013/02/04 16:00:00,28.11
2013/02/05 16:00:00,28.64
2013/02/06 16:00:00,29.05
2013/02/07 16:00:00,28.65
2013/02/08 16:00:00,28.55
2013/02/11 16:00:00,28.26
2013/02/12 16:00:00,27.37
2013/02/13 16:00:00,27.91
2013/02/14 16:00:00,28.5
2013/02/15 16:00:00,28.32
2013/02/19 16:00:00,28.93
2013/02/20 16:00:00,28.46
2013/02/21 16:00:00,27.28
2013/02/22 16:00:00,27.13
2013/02/25 16:00:00,27.27
2013/02/26 16:00:00,27.39
2013/02/27 16:00:00,26.87
2013/02/28 16:00:00,27.25
2013/03/01 16:00:00,27.78
2013/03/04 16:00:00,27.72
2013/03/05 16:00:00,27.52
2013/03/06 16:00:00,27.45
2013/03/07 16:00:00,28.58
2013/03/08 16:00:00,27.96
2013/03/11 16:00:00,28.14
2013/03/12 16:00:00,27.83
2013/03/13 16:00:00,27.08
2013/03/14 16:00:00,27.04
2013/03/15 16:00:00,26.65
2013/03/18 16:00:00,26.49
2013/03/19 16:00:00,26.55
2013/03/20 16:00:00,25.86
2013/03/21 16:00:00,25.74
2013/03/22 16:00:00,25.73
2013/03/25 16:00:00,25.13
2013/03/26 16:00:00,25.21
2013/03/27 16:00:00,26.09
2013/03/28 16:00:00,25.58
2013/04/01 16:00:00,25.53
2013/04/02 16:00:00,25.42
2013/04/03 16:00:00,26.25
2013/04/04 16:00:00,27.07
2013/04/05 16:00:00,27.39
2013/04/08 16:00:00,26.85
2013/04/09 16:00:00,26.59
2013/04/10 16:00:00,27.57
2013/04/11 16:00:00,28.02
2013/04/12 16:00:00,27.4
2013/04/15 16:00:00,26.52
2013/04/16 16:00:00,26.92
2013/04/17 16:00:00,26.63
2013/04/18 16:00:00,25.69
2013/04/19 16:00:00,25.73
2013/04/22 16:00:00,25.97
2013/04/23 16:00:00,25.98
2013/04/24 16:00:00,26.11
2013/04/25 16:00:00,26.14
2013/04/26 16:00:00,26.85
2013/04/29 16:00:00,26.98
2013/04/30 16:00:00,27.77
2013/05/01 16:00:00,27.43
2013/05/02 16:00:00,28.97
2013/05/03 16:00:00,28.31
2013/05/06 16:00:00,27.57
2013/05/07 16:00:00,26.89
2013/05/08 16:00:00,27.12
2013/05/09 16:00:00,27.04
2013/05/10 16:00:00,26.68
2013/05/13 16:00:00,26.82
2013/05/14 16:00:00,27.07
2013/05/15 16:00:00,26.6
2013/05/16 16:00:00,26.13
2013/05/17 16:00:00,26.25
2013/05/20 16:00:00,25.76
2013/05/21 16:00:00,25.66
2013/05/22 16:00:00,25.16
2013/05/23 16:00:00,25.06
2013/05/24 16:00:00,24.31
2013/05/28 16:00:00,24.1
2013/05/29 16:00:00,23.32
2013/05/30 16:00:00,24.55
2013/05/31 16:00:00,24.35
2013/06/03 16:00:00,23.85
2013/06/04 16:00:00,23.52
2013/06/05 16:00:00,22.9
2013/06/06 16:00:00,22.97
2013/06/07 16:00:00,23.29
2013/06/10 16:00:00,24.33
2013/06/11 16:00:00,24.03
2013/06/12 16:00:00,23.77
2013/06/13 16:00:00,23.73
2013/06/14 16:00:00,23.63
2013/06/17 16:00:00,24.02
2013/06/18 16:00:00,24.21
2013/06/19 16:00:00,24.31
2013/06/20 16:00:00,23.9
2013/06/21 16:00:00,24.53
2013/06/24 16:00:00,23.94
2013/06/25 16:00:00,24.25
2013/06/26 16:00:00,24.16
2013/06/27 16:00:00,24.66
2013/06/28 16:00:00,24.88
2013/07/01 16:00:00,24.81
2013/07/02 16:00:00,24.41
2013/07/03 16:00:00,24.52
2013/07/05 16:00:00,24.37
2013/07/08 16:00:00,24.71
2013/07/09 16:00:00,25.48
2013/07/10 16:00:00,25.8
2013/07/11 16:00:00,25.81
2013/07/12 16:00:00,25.91
2013/07/15 16:00:00,26.28
2013/07/16 16:00:00,26.32
2013/07/17 16:00:00,26.65
2013/07/18 16:00:00,26.18
2013/07/19 16:00:00,25.88
2013/07/22 16:00:00,26.05
2013/07/23 16:00:00,26.13
2013/07/24 16:00:00,26.51
2013/07/25 16:00:00,34.36
2013/07/26 16:00:00,34.01
2013/07/29 16:00:00,35.43
2013/07/30 16:00:00,37.63
2013/07/31 16:00:00,36.8
2013/08/01 16:00:00,37.49
2013/08/02 16:00:00,38.05
2013/08/05 16:00:00,39.19
2013/08/06 16:00:00,38.55
2013/08/07 16:00:00,38.87
2013/08/08 16:00:00,38.54
2013/08/09 16:00:00,38.5
2013/08/12 16:00:00,38.22
2013/08/13 16:00:00,37.02
2013/08/14 16:00:00,36.65
2013/08/15 16:00:00,36.56
2013/08/16 16:00:00,37.08
2013/08/19 16:00:00,37.81
2013/08/20 16:00:00,38.41
2013/08/21 16:00:00,38.32
2013/08/22 16:00:00,38.55
2013/08/23 16:00:00,40.55
2013/08/26 16:00:00,41.34
2013/08/27 16:00:00,39.64
2013/08/28 16:00:00,40.55
2013/08/29 16:00:00,41.28
2013/08/30 16:00:00,41.29
2013/09/03 16:00:00,41.87
2013/09/04 16:00:00,41.78
2013/09/05 16:00:00,42.66
2013/09/06 16:00:00,43.95
2013/09/09 16:00:00,44.04
2013/09/10 16:00:00,43.6
2013/09/11 16:00:00,45.04
2013/09/12 16:00:00,44.75
2013/09/13 16:00:00,44.31
2013/09/16 16:00:00,42.51
2013/09/17 16:00:00,45.07
2013/09/18 16:00:00,45.23
2013/09/19 16:00:00,45.98
2013/09/20 16:00:00,47.49
2013/09/23 16:00:00,47.19
2013/09/24 16:00:00,48.45
2013/09/25 16:00:00,49.46
2013/09/26 16:00:00,50.39
2013/09/27 16:00:00,51.24
2013/09/30 16:00:00,50.23
2013/10/01 16:00:00,50.42
2013/10/02 16:00:00,50.28
2013/10/03 16:00:00,49.18
2013/10/04 16:00:00,51.04
2013/10/07 16:00:00,50.52
2013/10/08 16:00:00,47.14
2013/10/09 16:00:00,46.77
2013/10/10 16:00:00,49.05
2013/10/11 16:00:00,49.11
2013/10/14 16:00:00,49.51
2013/10/15 16:00:00,49.5
2013/10/16 16:00:00,51.13
2013/10/17 16:00:00,52.21
2013/10/18 16:00:00,54.22
2013/10/21 16:00:00,53.85
2013/10/22 16:00:00,52.68
2013/10/23 16:00:00,51.9
2013/10/24 16:00:00,52.45
2013/10/25 16:00:00,51.95
2013/10/28 16:00:00,50.23
2013/10/29 16:00:00,49.4
2013/10/30 16:00:00,49.01
2013/10/31 16:00:00,50.21
2013/11/01 16:00:00,49.75
2013/11/04 16:00:00,48.22
2013/11/05 16:00:00,50.11
2013/11/06 16:00:00,49.12
2013/11/07 16:00:00,47.56
2013/11/08 16:00:00,47.53
2013/11/11 16:00:00,46.2
2013/11/12 16:00:00,46.61
2013/11/13 16:00:00,48.71
2013/11/14 16:00:00,48.99
2013/11/15 16:00:00,49.01
2013/11/18 16:00:00,45.83
2013/11/19 16:00:00,46.36
2013/11/20 16:00:00,46.43
2013/11/21 16:00:00,46.7
2013/11/22 16:00:00,46.23
2013/11/25 16:00:00,44.82
2013/11/26 16:00:00,45.89
2013/11/27 16:00:00,46.49
2013/11/29 16:00:00,47.01
2013/12/02 16:00:00,47.06
2013/12/03 16:00:00,46.73
2013/12/04 16:00:00,48.62
2013/12/05 16:00:00,48.34
2013/12/06 16:00:00,47.94
2013/12/09 16:00:00,48.84
2013/12/10 16:00:00,50.25
2013/12/11 16:00:00,49.38
2013/12/12 16:00:00,51.83
2013/12/13 16:00:00,53.32
2013/12/16 16:00:00,53.81
2013/12/17 16:00:00,54.86
2013/12/18 16:00:00,55.57
2013/12/19 16:00:00,55.05
2013/12/20 16:00:00,55.12
2013/12/23 16:00:00,57.77
2013/12/24 16:00:00,57.96
2013/12/26 16:00:00,57.73
2013/12/27 16:00:00,55.44
2013/12/30 16:00:00,53.71
2013/12/31 16:00:00,54.65
2014/01/02 16:00:00,54.71
2014/01/03 16:00:00,54.56
2014/01/06 16:00:00,57.2
2014/01/07 16:00:00,57.92
2014/01/08 16:00:00,58.23
2014/01/09 16:00:00,57.22
2014/01/10 16:00:00,57.94
2014/01/13 16:00:00,55.91
2014/01/14 16:00:00,57.74
2014/01/15 16:00:00,57.6
2014/01/16 16:00:00,57.19
2014/01/17 16:00:00,56.3
2014/01/21 16:00:00,58.51
2014/01/22 16:00:00,57.51
2014/01/23 16:00:00,56.63
2014/01/24 16:00:00,54.45
2014/01/27 16:00:00,53.55
2014/01/28 16:00:00,55.14
2014/01/29 16:00:00,53.53
2014/01/30 16:00:00,61.08
2014/01/31 16:00:00,62.57
2014/02/03 16:00:00,61.48
2014/02/04 16:00:00,62.75
2014/02/05 16:00:00,62.19
2014/02/06 16:00:00,62.16
2014/02/07 16:00:00,64.32
2014/02/10 16:00:00,63.55
2014/02/11 16:00:00,64.85
2014/02/12 16:00:00,64.45
2014/02/13 16:00:00,67.33
2014/02/14 16:00:00,67.09
2014/02/18 16:00:00,67.3
2014/02/19 16:00:00,68.06
2014/02/20 16:00:00,69.63
2014/02/21 16:00:00,68.59
2014/02/24 16:00:00,70.78
2014/02/25 16:00:00,69.85
2014/02/26 16:00:00,69.26
2014/02/27 16:00:00,68.94
2014/02/28 16:00:00,68.46
2014/03/03 16:00:00,67.41
2014/03/04 16:00:00,68.8
2014/03/05 16:00:00,71.57
2014/03/06 16:00:00,70.84
2014/03/07 16:00:00,69.8
2014/03/10 16:00:00,72.03
2014/03/11 16:00:00,70.1
2014/03/12 16:00:00,70.88
2014/03/13 16:00:00,68.83
2014/03/14 16:00:00,67.72
2014/03/17 16:00:00,68.74
2014/03/18 16:00:00,69.19
2014/03/19 16:00:00,68.24
2014/03/20 16:00:00,66.97
2014/03/21 16:00:00,67.24
2014/03/24 16:00:00,64.1
2014/03/25 16:00:00,64.89
2014/03/26 16:00:00,60.39
2014/03/27 16:00:00,60.97
2014/03/28 16:00:00,60.01
2014/03/31 16:00:00,60.24
2014/04/01 16:00:00,62.62
2014/04/02 16:00:00,62.72
2014/04/03 16:00:00,59.49
2014/04/04 16:00:00,56.75
2014/04/07 16:00:00,56.95
2014/04/08 16:00:00,58.19
2014/04/09 16:00:00,62.41
2014/04/10 16:00:00,59.16
2014/04/11 16:00:00,58.53
2014/04/14 16:00:00,58.89
2014/04/15 16:00:00,59.09
2014/04/16 16:00:00,59.72
2014/04/17 16:00:00,58.94
2014/04/21 16:00:00,61.24
2014/04/22 16:00:00,63.03
2014/04/23 16:00:00,61.36
2014/04/24 16:00:00,60.87
2014/04/25 16:00:00,57.71
2014/04/28 16:00:00,56.14
2014/04/29 16:00:00,58.15
2014/04/30 16:00:00,59.78
2014/05/01 16:00:00,61.15
2014/05/02 16:00:00,60.46
2014/05/05 16:00:00,61.22
2014/05/06 16:00:00,58.53
2014/05/07 16:00:00,57.39
2014/05/08 16:00:00,56.76
2014/05/09 16:00:00,57.24
2014/05/12 16:00:00,59.83
2014/05/13 16:00:00,59.83
2014/05/14 16:00:00,59.23
2014/05/15 16:00:00,57.92
2014/05/16 16:00:00,58.02
2014/05/19 16:00:00,59.21
2014/05/20 16:00:00,58.56
2014/05/21 16:00:00,60.49
2014/05/22 16:00:00,60.52
2014/05/23 16:00:00,61.35
2014/05/27 16:00:00,63.48
2014/05/28 16:00:00,63.51
2014/05/29 16:00:00,63.83
2014/05/30 16:00:00,63.3
2014/06/02 16:00:00,63.08
2014/06/03 16:00:00,62.87
2014/06/04 16:00:00,63.34
2014/06/05 16:00:00,63.19
2014/06/06 16:00:00,62.5
2014/06/09 16:00:00,62.88
2014/06/10 16:00:00,65.77
2014/06/11 16:00:00,65.78
2014/06/12 16:00:00,64.29
2014/06/13 16:00:00,64.5
2014/06/16 16:00:00,64.19
2014/06/17 16:00:00,64.4
2014/06/18 16:00:00,65.6
2014/06/19 16:00:00,64.34
2014/06/20 16:00:00,64.5
2014/06/23 16:00:00,65.37
2014/06/24 16:00:00,65.72
2014/06/25 16:00:00,67.44
2014/06/26 16:00:00,67.13
2014/06/27 16:00:00,67.6
2014/06/30 16:00:00,67.29
2014/07/01 16:00:00,68.06
2014/07/02 16:00:00,66.45
2014/07/03 16:00:00,66.29
2014/07/07 16:00:00,65.29
2014/07/08 16:00:00,62.76
2014/07/09 16:00:00,64.97
2014/07/10 16:00:00,64.87
2014/07/11 16:00:00,66.34
2014/07/14 16:00:00,67.9
2014/07/15 16:00:00,67.17
2014/07/16 16:00:00,67.66
2014/07/17 16:00:00,66.41
2014/07/18 16:00:00,68.42
2014/07/21 16:00:00,69.4
2014/07/22 16:00:00,69.27
2014/07/23 16:00:00,71.29
2014/07/24 16:00:00,74.98
2014/07/25 16:00:00,75.19
2014/07/28 16:00:00,74.92
2014/07/29 16:00:00,73.71
2014/07/30 16:00:00,74.68
2014/07/31 16:00:00,72.65
2014/08/01 16:00:00,72.36
2014/08/04 16:00:00,73.51
2014/08/05 16:00:00,72.69
2014/08/06 16:00:00,72.47
2014/08/07 16:00:00,73.17
2014/08/08 16:00:00,73.06
2014/08/11 16:00:00,73.44
2014/08/12 16:00:00,72.83
2014/08/13 16:00:00,73.77
2014/08/14 16:00:00,74.3
2014/08/15 16:00:00,73.63
2014/08/18 16:00:00,74.59
2014/08/19 16:00:00,75.29
2014/08/20 16:00:00,74.81
2014/08/21 16:00:00,74.57
2014/08/22 16:00:00,74.57
2014/08/25 16:00:00,75.02
2014/08/26 16:00:00,75.96
2014/08/27 16:00:00,74.63
2014/08/28 16:00:00,73.86
2014/08/29 16:00:00,74.82
2014/09/02 16:00:00,76.68
2014/09/03 16:00:00,75.83
2014/09/04 16:00:00,75.95
2014/09/05 16:00:00,77.26
2014/09/08 16:00:00,77.89
2014/09/09 16:00:00,76.67
2014/09/10 16:00:00,77.43
2014/09/11 16:00:00,77.92
2014/09/12 16:00:00,77.48
2014/09/15 16:00:00,74.58
2014/09/16 16:00:00,76.08
2014/09/17 16:00:00,76.43
2014/09/18 16:00:00,77
2014/09/19 16:00:00,77.91
2014/09/22 16:00:00,76.8
2014/09/23 16:00:00,78.29
2014/09/24 16:00:00,78.54
2014/09/25 16:00:00,77.22
2014/09/26 16:00:00,78.79
2014/09/29 16:00:00,79
2014/09/30 16:00:00,79.04
2014/10/01 16:00:00,76.55
2014/10/02 16:00:00,77.08
2014/10/03 16:00:00,77.44
2014/10/06 16:00:00,77.56
2014/10/07 16:00:00,76.29
2014/10/08 16:00:00,77.52
2014/10/09 16:00:00,75.91
2014/10/10 16:00:00,72.91
2014/10/13 16:00:00,72.99
2014/10/14 16:00:00,73.59
2014/10/15 16:00:00,73.21
2014/10/16 16:00:00,72.63
2014/10/17 16:00:00,75.95
2014/10/20 16:00:00,76.95
2014/10/21 16:00:00,78.69
2014/10/22 16:00:00,78.37
2014/10/23 16:00:00,80.04
2014/10/24 16:00:00,80.67
2014/10/27 16:00:00,80.28
2014/10/28 16:00:00,80.77
2014/10/29 16:00:00,75.86
2014/10/30 16:00:00,74.11
2014/10/31 16:00:00,74.99
2014/11/03 16:00:00,73.88
2014/11/04 16:00:00,75.76
2014/11/05 16:00:00,74.83
2014/11/06 16:00:00,75.26
2014/11/07 16:00:00,75.6
2014/11/10 16:00:00,75
2014/11/11 16:00:00,74.61
2014/11/12 16:00:00,74.72
2014/11/13 16:00:00,74.25
2014/11/14 16:00:00,74.88
2014/11/17 16:00:00,74.24
2014/11/18 16:00:00,74.34
2014/11/19 16:00:00,73.33
2014/11/20 16:00:00,73.6
2014/11/21 16:00:00,73.75
2014/11/24 16:00:00,74.01
2014/11/25 16:00:00,75.63
2014/11/26 16:00:00,77.62
2014/11/28 16:00:00,77.7
2014/12/01 16:00:00,75.1
2014/12/02 16:00:00,75.46
2014/12/03 16:00:00,74.88
2014/12/04 16:00:00,75.24
2014/12/05 16:00:00,76.36
2014/12/08 16:00:00,76.52
2014/12/09 16:00:00,76.84
2014/12/10 16:00:00,76.18
2014/12/11 16:00:00,77.73
2014/12/12 16:00:00,77.83
2014/12/15 16:00:00,76.99
2014/12/16 16:00:00,74.69
2014/12/17 16:00:00,76.11
2014/12/18 16:00:00,78.4
2014/12/19 16:00:00,79.88
2014/12/22 16:00:00,81.45
2014/12/23 16:00:00,80.61
2014/12/24 16:00:00,80.77
2014/12/26 16:00:00,80.78
2014/12/29 16:00:00,80.02
2014/12/30 16:00:00,79.22
2014/12/31 16:00:00,78.02
2015/01/02 16:00:00,78.45
2015/01/05 16:00:00,77.19
2015/01/06 16:00:00,76.15
2015/01/07 16:00:00,76.15
2015/01/08 16:00:00,78.18
2015/01/09 16:00:00,77.74
2015/01/12 16:00:00,76.72
2015/01/13 16:00:00,76.45
2015/01/14 16:00:00,76.28
2015/01/15 16:00:00,74.05
2015/01/16 16:00:00,75.18
2015/01/20 16:00:00,76.24
2015/01/21 16:00:00,76.74
2015/01/22 16:00:00,77.65
2015/01/23 16:00:00,77.83
2015/01/26 16:00:00,77.5
2015/01/27 16:00:00,75.78
2015/01/28 16:00:00,76.24
2015/01/29 16:00:00,78
2015/01/30 16:00:00,75.91
2015/02/02 16:00:00,74.99
2015/02/03 16:00:00,75.4
2015/02/04 16:00:00,75.63
2015/02/05 16:00:00,75.61
2015/02/06 16:00:00,74.47
2015/02/09 16:00:00,74.44
2015/02/10 16:00:00,75.19
2015/02/11 16:00:00,76.51
2015/02/12 16:00:00,76.23
2015/02/13 16:00:00,75.74
2015/02/17 16:00:00,75.6
2015/02/18 16:00:00,76.71
2015/02/19 16:00:00,79.42
2015/02/20 16:00:00,79.9
2015/02/23 16:00:00,78.84
2015/02/24 16:00:00,78.45
2015/02/25 16:00:00,79.56
2015/02/26 16:00:00,80.41
2015/02/27 16:00:00,78.97
2015/03/02 16:00:00,79.75
2015/03/03 16:00:00,79.6
2015/03/04 16:00:00,80.9
2015/03/05 16:00:00,81.21
2015/03/06 16:00:00,80.01
2015/03/09 16:00:00,79.44
2015/03/10 16:00:00,77.55
2015/03/11 16:00:00,77.57
2015/03/12 16:00:00,78.93
2015/03/13 16:00:00,78.05
2015/03/16 16:00:00,78.07
2015/03/17 16:00:00,79.36
2015/03/18 16:00:00,80.91
2015/03/19 16:00:00,82.75
2015/03/20 16:00:00,83.8
2015/03/23 16:00:00,84.43
2015/03/24 16:00:00,85.31
2015/03/25 16:00:00,82.92
2015/03/26 16:00:00,83.01
2015/03/27 16:00:00,83.3
2015/03/30 16:00:00,83.2
2015/03/31 16:00:00,82.22
2015/04/01 16:00:00,81.67
2015/04/02 16:00:00,81.56
2015/04/06 16:00:00,82.44
2015/04/07 16:00:00,82.32
2015/04/08 16:00:00,82.28
2015/04/09 16:00:00,82.17
2015/04/10 16:00:00,82.04
2015/04/13 16:00:00,83.01
2015/04/14 16:00:00,83.52
2015/04/15 16:00:00,82.71
2015/04/16 16:00:00,82.31
2015/04/17 16:00:00,80.78
2015/04/20 16:00:00,83.09
2015/04/21 16:00:00,83.62
2015/04/22 16:00:00,84.63
2015/04/23 16:00:00,82.41
2015/04/24 16:00:00,81.53
2015/04/27 16:00:00,81.91
2015/04/28 16:00:00,80.68
2015/04/29 16:00:00,80.47
2015/04/30 16:00:00,78.77
2015/05/01 16:00:00,78.99
2015/05/04 16:00:00,78.81
2015/05/05 16:00:00,77.56
2015/05/06 16:00:00,78.1
2015/05/07 16:00:00,78.43
2015/05/08 16:00:00,78.51
2015/05/11 16:00:00,78.01
2015/05/12 16:00:00,77.46
2015/05/13 16:00:00,78.44
2015/05/14 16:00:00,81.37
2015/05/15 16:00:00,80.42
2015/05/18 16:00:00,80.88
2015/05/19 16:00:00,80.63
2015/05/20 16:00:00,80.55
2015/05/21 16:00:00,80.48
2015/05/22 16:00:00,80.54
2015/05/26 16:00:00,79.33
2015/05/27 16:00:00,80.55
2015/05/28 16:00:00,80.15
2015/05/29 16:00:00,79.19
2015/06/01 16:00:00,80.29
2015/06/02 16:00:00,80.44
2015/06/03 16:00:00,82.44
2015/06/04 16:00:00,82.05
2015/06/05 16:00:00,82.14
2015/06/08 16:00:00,80.67
2015/06/09 16:00:00,80.67
2015/06/10 16:00:00,82.16
2015/06/11 16:00:00,81.83
2015/06/12 16:00:00,81.53
2015/06/15 16:00:00,80.71
2015/06/16 16:00:00,81.06
2015/06/17 16:00:00,81.79
2015/06/18 16:00:00,82.91
2015/06/19 16:00:00,82.51
2015/06/22 16:00:00,84.74
2015/06/23 16:00:00,87.88
2015/06/24 16:00:00,88.86
2015/06/25 16:00:00,87.98
2015/06/26 16:00:00,88.01
2015/06/29 16:00:00,85.8
2015/06/30 16:00:00,85.77
2015/07/01 16:00:00,86.91
2015/07/02 16:00:00,87.29
2015/07/06 16:00:00,87.55
2015/07/07 16:00:00,87.22
2015/07/08 16:00:00,85.65
2015/07/09 16:00:00,85.88
2015/07/10 16:00:00,87.95
2015/07/13 16:00:00,90.1
2015/07/14 16:00:00,89.68
2015/07/15 16:00:00,89.76
2015/07/16 16:00:00,90.85
2015/07/17 16:00:00,94.97
2015/07/20 16:00:00,97.91
2015/07/21 16:00:00,98.39
2015/07/22 16:00:00,97.04
2015/07/23 16:00:00,95.44
2015/07/24 16:00:00,96.95
2015/07/27 16:00:00,94.17
2015/07/28 16:00:00,95.29
2015/07/29 16:00:00,96.99
2015/07/30 16:00:00,95.21
2015/07/31 16:00:00,94.01
2015/08/03 16:00:00,94.14
2015/08/04 16:00:00,94.06
2015/08/05 16:00:00,96.44
2015/08/06 16:00:00,95.12
2015/08/07 16:00:00,94.3
2015/08/10 16:00:00,94.15
2015/08/11 16:00:00,93.62
2015/08/12 16:00:00,94.19
2015/08/13 16:00:00,93.43
2015/08/14 16:00:00,94.42
2015/08/17 16:00:00,93.93
2015/08/18 16:00:00,95.17
2015/08/19 16:00:00,95.31
2015/08/20 16:00:00,90.56
2015/08/21 16:00:00,86.06
2015/08/24 16:00:00,82.09
2015/08/25 16:00:00,83
2015/08/26 16:00:00,87.19
2015/08/27 16:00:00,89.73
2015/08/28 16:00:00,91.01
2015/08/31 16:00:00,89.43
2015/09/01 16:00:00,87.23
2015/09/02 16:00:00,89.89
2015/09/03 16:00:00,88.15
2015/09/04 16:00:00,88.26
2015/09/08 16:00:00,89.53
2015/09/09 16:00:00,90.44
2015/09/10 16:00:00,91.98
2015/09/11 16:00:00,92.05
2015/09/14 16:00:00,92.31
2015/09/15 16:00:00,92.9
2015/09/16 16:00:00,93.45
2015/09/17 16:00:00,94.34
2015/09/18 16:00:00,94.4
2015/09/21 16:00:00,95.55
2015/09/22 16:00:00,92.96
2015/09/23 16:00:00,93.97
2015/09/24 16:00:00,94.41
2015/09/25 16:00:00,92.77
2015/09/28 16:00:00,89.21
2015/09/29 16:00:00,86.67
2015/09/30 16:00:00,89.9
2015/10/01 16:00:00,90.95
2015/10/02 16:00:00,92.07
2015/10/05 16:00:00,94.01
2015/10/06 16:00:00,92.8
2015/10/07 16:00:00,92.4
2015/10/08 16:00:00,92.47
2015/10/09 16:00:00,93.24
2015/10/12 16:00:00,94.26
2015/10/13 16:00:00,94.12
2015/10/14 16:00:00,94.07
2015/10/15 16:00:00,95.96
2015/10/16 16:00:00,97.54
2015/10/19 16:00:00,98.47
2015/10/20 16:00:00,97
2015/10/21 16:00:00,97.11
2015/10/22 16:00:00,99.67
2015/10/23 16:00:00,102.19
2015/10/26 16:00:00,103.77
2015/10/27 16:00:00,103.7
2015/10/28 16:00:00,104.2
2015/10/29 16:00:00,104.88
2015/10/30 16:00:00,101.97
2015/11/02 16:00:00,103.31
2015/11/03 16:00:00,102.58
2015/11/04 16:00:00,103.94
2015/11/05 16:00:00,108.76
2015/11/06 16:00:00,107.1
2015/11/09 16:00:00,106.49
2015/11/10 16:00:00,107.91
2015/11/11 16:00:00,109.01
2015/11/12 16:00:00,108.02
2015/11/13 16:00:00,103.95
2015/11/16 16:00:00,104.04
2015/11/17 16:00:00,105.13
2015/11/18 16:00:00,107.77
2015/11/19 16:00:00,106.26
2015/11/20 16:00:00,107.32
2015/11/23 16:00:00,106.95
2015/11/24 16:00:00,105.74
2015/11/25 16:00:00,105.41
2015/11/27 16:00:00,105.45
2015/11/30 16:00:00,104.24
2015/12/01 16:00:00,107.12
2015/12/02 16:00:00,106.07
2015/12/03 16:00:00,104.38
2015/12/04 16:00:00,106.18
2015/12/07 16:00:00,105.61
2015/12/08 16:00:00,106.49
2015/12/09 16:00:00,104.6
2015/12/10 16:00:00,105.42
2015/12/11 16:00:00,102.12
2015/12/14 16:00:00,104.66
2015/12/15 16:00:00,104.55
2015/12/16 16:00:00,106.79
2015/12/17 16:00:00,106.22
2015/12/18 16:00:00,104.04
2015/12/21 16:00:00,104.77
2015/12/22 16:00:00,105.51
2015/12/23 16:00:00,104.63
2015/12/24 16:00:00,105.02
2015/12/28 16:00:00,105.93
2015/12/29 16:00:00,107.26
2015/12/30 16:00:00,106.22
2015/12/31 16:00:00,104.66
2016/01/04 16:00:00,102.22
2016/01/05 16:00:00,102.73
2016/01/06 16:00:00,102.97
2016/01/07 16:00:00,97.92
2016/01/08 16:00:00,97.33
2016/01/11 16:00:00,97.51
2016/01/12 16:00:00,99.37
2016/01/13 16:00:00,95.44
2016/01/14 16:00:00,98.37
2016/01/15 16:00:00,94.97
2016/01/19 16:00:00,95.26
2016/01/20 16:00:00,94.35
2016/01/21 16:00:00,94.16
2016/01/22 16:00:00,97.94
2016/01/25 16:00:00,97.01
2016/01/26 16:00:00,97.34
2016/01/27 16:00:00,94.45
2016/01/28 16:00:00,109.11
2016/01/29 16:00:00,112.21
2016/02/01 16:00:00,115.09
2016/02/02 16:00:00,114.61
2016/02/03 16:00:00,112.69
2016/02/04 16:00:00,110.49
2016/02/05 16:00:00,104.07
2016/02/08 16:00:00,99.75
2016/02/09 16:00:00,99.54
2016/02/10 16:00:00,101
2016/02/11 16:00:00,101.91
2016/02/12 16:00:00,102.01
2016/02/16 16:00:00,101.61
2016/02/17 16:00:00,105.2
2016/02/18 16:00:00,103.47
2016/02/19 16:00:00,104.57
2016/02/22 16:00:00,107.16
2016/02/23 16:00:00,105.46
2016/02/24 16:00:00,106.88
2016/02/25 16:00:00,108.07
2016/02/26 16:00:00,107.92
2016/02/29 16:00:00,106.92
2016/03/01 16:00:00,109.82
2016/03/02 16:00:00,109.95
2016/03/03 16:00:00,109.58
2016/03/04 16:00:00,108.39
2016/03/07 16:00:00,105.73
2016/03/08 16:00:00,105.93
2016/03/09 16:00:00,107.51
2016/03/10 16:00:00,107.32
2016/03/11 16:00:00,109.41
2016/03/14 16:00:00,109.89
2016/03/15 16:00:00,110.67
2016/03/16 16:00:00,112.18
2016/03/17 16:00:00,111.02
2016/03/18 16:00:00,111.45
2016/03/21 16:00:00,111.85
2016/03/22 16:00:00,112.25
2016/03/23 16:00:00,112.54
2016/03/24 16:00:00,113.05
2016/03/28 16:00:00,113.69
2016/03/29 16:00:00,116.14
2016/03/30 16:00:00,114.7
2016/03/31 16:00:00,114.1
2016/04/01 16:00:00,116.06
2016/04/04 16:00:00,112.55
2016/04/05 16:00:00,112.22
2016/04/06 16:00:00,113.71
2016/04/07 16:00:00,113.64
2016/04/08 16:00:00,110.63
2016/04/11 16:00:00,108.99
2016/04/12 16:00:00,110.61
2016/04/13 16:00:00,110.51
2016/04/14 16:00:00,110.84
2016/04/15 16:00:00,109.64
2016/04/18 16:00:00,110.45
2016/04/19 16:00:00,112.29
2016/04/20 16:00:00,112.42
2016/04/21 16:00:00,113.44
2016/04/22 16:00:00,110.56
2016/04/25 16:00:00,110.1
2016/04/26 16:00:00,108.76
2016/04/27 16:00:00,108.89
2016/04/28 16:00:00,116.73
2016/04/29 16:00:00,117.58
2016/05/02 16:00:00,118.57
2016/05/03 16:00:00,117.43
2016/05/04 16:00:00,118.06
2016/05/05 16:00:00,117.81
2016/05/06 16:00:00,119.49
2016/05/09 16:00:00,119.24
2016/05/10 16:00:00,120.5
2016/05/11 16:00:00,119.52
2016/05/12 16:00:00,120.28
2016/05/13 16:00:00,119.81
2016/05/16 16:00:00,118.67
2016/05/17 16:00:00,117.35
2016/05/18 16:00:00,117.65
2016/05/19 16:00:00,116.81
2016/05/20 16:00:00,117.35
2016/05/23 16:00:00,115.97
2016/05/24 16:00:00,117.7
2016/05/25 16:00:00,117.89
2016/05/26 16:00:00,119.47
2016/05/27 16:00:00,119.38
2016/05/31 16:00:00,118.81
2016/06/01 16:00:00,118.78
2016/06/02 16:00:00,118.93
2016/06/03 16:00:00,118.47
2016/06/06 16:00:00,118.79
2016/06/07 16:00:00,117.76
2016/06/08 16:00:00,118.39
2016/06/09 16:00:00,118.56
2016/06/10 16:00:00,116.62
2016/06/13 16:00:00,113.95
2016/06/14 16:00:00,114.94
2016/06/15 16:00:00,114.6
2016/06/16 16:00:00,114.39
2016/06/17 16:00:00,113.02
2016/06/20 16:00:00,113.37
2016/06/21 16:00:00,114.38
2016/06/22 16:00:00,113.91
2016/06/23 16:00:00,115.08
2016/06/24 16:00:00,112.08
2016/06/27 16:00:00,108.97
2016/06/28 16:00:00,112.7
2016/06/29 16:00:00,114.16
2016/06/30 16:00:00,114.28
2016/07/01 16:00:00,114.19
2016/07/05 16:00:00,114
2016/07/06 16:00:00,116.7
2016/07/07 16:00:00,115.85
2016/07/08 16:00:00,117.24
2016/07/11 16:00:00,117.87
2016/07/12 16:00:00,117.93
2016/07/13 16:00:00,116.78
2016/07/14 16:00:00,117.29
2016/07/15 16:00:00,116.86
2016/07/18 16:00:00,119.37
2016/07/19 16:00:00,120.61
2016/07/20 16:00:00,121.92
2016/07/21 16:00:00,120.61
2016/07/22 16:00:00,121
2016/07/25 16:00:00,121.63
2016/07/26 16:00:00,121.22
2016/07/27 16:00:00,123.34
2016/07/28 16:00:00,125
2016/07/29 16:00:00,123.94
2016/08/01 16:00:00,124.31
2016/08/02 16:00:00,123.09
2016/08/03 16:00:00,122.51
2016/08/04 16:00:00,124.36
2016/08/05 16:00:00,125.15
2016/08/08 16:00:00,125.26
2016/08/09 16:00:00,125.06
2016/08/10 16:00:00,124.88
2016/08/11 16:00:00,124.9
2016/08/12 16:00:00,124.88
2016/08/15 16:00:00,123.9
2016/08/16 16:00:00,123.3
2016/08/17 16:00:00,124.37
2016/08/18 16:00:00,123.91
2016/08/19 16:00:00,123.56
2016/08/22 16:00:00,124.15
2016/08/23 16:00:00,124.37
2016/08/24 16:00:00,123.48
2016/08/25 16:00:00,123.89
2016/08/26 16:00:00,124.96
2016/08/29 16:00:00,126.54
2016/08/30 16:00:00,125.84
2016/08/31 16:00:00,126.12
2016/09/01 16:00:00,126.17
2016/09/02 16:00:00,126.51
2016/09/06 16:00:00,129.73
2016/09/07 16:00:00,131.05
2016/09/08 16:00:00,130.27
2016/09/09 16:00:00,127.1
2016/09/12 16:00:00,128.69
2016/09/13 16:00:00,127.21
2016/09/14 16:00:00,127.77
2016/09/15 16:00:00,128.35
2016/09/16 16:00:00,129.07
2016/09/19 16:00:00,128.65
2016/09/20 16:00:00,128.64
2016/09/21 16:00:00,129.94
2016/09/22 16:00:00,130.08
2016/09/23 16:00:00,127.96
2016/09/26 16:00:00,127.31
2016/09/27 16:00:00,128.69
2016/09/28 16:00:00,129.23
2016/09/29 16:00:00,128.09
2016/09/30 16:00:00,128.27
2016/10/03 16:00:00,128.77
2016/10/04 16:00:00,128.19
2016/10/05 16:00:00,128.47
2016/10/06 16:00:00,128.74
2016/10/07 16:00:00,128.99
2016/10/10 16:00:00,130.24
2016/10/11 16:00:00,128.88
2016/10/12 16:00:00,129.05
2016/10/13 16:00:00,127.82
2016/10/14 16:00:00,127.88
2016/10/17 16:00:00,127.54
2016/10/18 16:00:00,128.57
2016/10/19 16:00:00,130.11
2016/10/20 16:00:00,130
2016/10/21 16:00:00,132.07
2016/10/24 16:00:00,133.28
2016/10/25 16:00:00,132.29
2016/10/26 16:00:00,131.04
2016/10/27 16:00:00,129.69
2016/10/28 16:00:00,131.29
2016/10/31 16:00:00,130.99
2016/11/01 16:00:00,129.5
2016/11/02 16:00:00,127.17
2016/11/03 16:00:00,120
2016/11/04 16:00:00,120.75
2016/11/07 16:00:00,122.15
2016/11/08 16:00:00,124.22
2016/11/09 16:00:00,123.18
2016/11/10 16:00:00,120.8
2016/11/11 16:00:00,119.02
2016/11/14 16:00:00,115.08
2016/11/15 16:00:00,117.2
2016/11/16 16:00:00,116.34
2016/11/17 16:00:00,117.79
2016/11/18 16:00:00,117.02
2016/11/21 16:00:00,121.77
2016/11/22 16:00:00,121.47
2016/11/23 16:00:00,120.84
2016/11/25 16:00:00,120.38
2016/11/28 16:00:00,120.41
2016/11/29 16:00:00,120.87
2016/11/30 16:00:00,118.42
2016/12/01 16:00:00,115.1
2016/12/02 16:00:00,115.4
2016/12/05 16:00:00,117.43
2016/12/06 16:00:00,117.31
2016/12/07 16:00:00,117.95
2016/12/08 16:00:00,118.91
2016/12/09 16:00:00,119.68
2016/12/12 16:00:00,117.77
2016/12/13 16:00:00,120.31
2016/12/14 16:00:00,120.21
2016/12/15 16:00:00,120.57
2016/12/16 16:00:00,119.87
2016/12/19 16:00:00,119.24
2016/12/20 16:00:00,119.09
2016/12/21 16:00:00,119.04
2016/12/22 16:00:00,117.4
2016/12/23 16:00:00,117.27
2016/12/27 16:00:00,118.01
2016/12/28 16:00:00,116.92
2016/12/29 16:00:00,116.35
2016/12/30 16:00:00,115.05
2017/01/03 16:00:00,116.86
2017/01/04 16:00:00,118.69
2017/01/05 16:00:00,120.67
2017/01/06 16:00:00,123.41
2017/01/09 16:00:00,124.9
2017/01/10 16:00:00,124.35
2017/01/11 16:00:00,126.09
2017/01/12 16:00:00,126.62
2017/01/13 16:00:00,128.34
2017/01/17 16:00:00,127.87
2017/01/18 16:00:00,127.92
2017/01/19 16:00:00,127.55
2017/01/20 16:00:00,127.04
2017/01/23 16:00:00,128.93
2017/01/24 16:00:00,129.37
2017/01/25 16:00:00,131.48
2017/01/26 16:00:00,132.78
2017/01/27 16:00:00,132.18
2017/01/30 16:00:00,130.98
2017/01/31 16:00:00,130.32
2017/02/01 16:00:00,133.23
2017/02/02 16:00:00,130.84
2017/02/03 16:00:00,130.98
2017/02/06 16:00:00,132.06
2017/02/07 16:00:00,131.84
2017/02/08 16:00:00,134.2
2017/02/09 16:00:00,134.14
2017/02/10 16:00:00,134.19
2017/02/13 16:00:00,134.05
2017/02/14 16:00:00,133.85
2017/02/15 16:00:00,133.44
2017/02/16 16:00:00,133.84
2017/02/17 16:00:00,133.53
2017/02/21 16:00:00,133.72
2017/02/22 16:00:00,136.12
2017/02/23 16:00:00,135.36
2017/02/24 16:00:00,135.44
2017/02/27 16:00:00,136.41
2017/02/28 16:00:00,135.54
2017/03/01 16:00:00,137.42
2017/03/02 16:00:00,136.76
2017/03/03 16:00:00,137.17
2017/03/06 16:00:00,137.42
2017/03/07 16:00:00,137.3
2017/03/08 16:00:00,137.72
2017/03/09 16:00:00,138.24
2017/03/10 16:00:00,138.79
2017/03/13 16:00:00,139.6
2017/03/14 16:00:00,139.32
2017/03/15 16:00:00,139.72
2017/03/16 16:00:00,139.99
2017/03/17 16:00:00,139.84
2017/03/20 16:00:00,139.94
2017/03/21 16:00:00,138.51
2017/03/22 16:00:00,139.59
2017/03/23 16:00:00,139.53
2017/03/24 16:00:00,140.34
2017/03/27 16:00:00,140.32
2017/03/28 16:00:00,141.76
2017/03/29 16:00:00,142.65
2017/03/30 16:00:00,142.41
2017/03/31 16:00:00,142.05
2017/04/03 16:00:00,142.28
2017/04/04 16:00:00,141.73
2017/04/05 16:00:00,141.85
2017/04/06 16:00:00,141.17
2017/04/07 16:00:00,140.78
2017/04/10 16:00:00,141.04
2017/04/11 16:00:00,139.92
2017/04/12 16:00:00,139.58
2017/04/13 16:00:00,139.39
2017/04/17 16:00:00,141.42
2017/04/18 16:00:00,140.96
2017/04/19 16:00:00,142.27
2017/04/20 16:00:00,143.8
2017/04/21 16:00:00,143.68
2017/04/24 16:00:00,145.47
2017/04/25 16:00:00,146.49
2017/04/26 16:00:00,146.56
2017/04/27 16:00:00,147.7
2017/04/28 16:00:00,150.25
2017/05/01 16:00:00,152.46
2017/05/02 16:00:00,152.78
2017/05/03 16:00:00,151.8
2017/05/04 16:00:00,150.85
2017/05/05 16:00:00,150.24
2017/05/08 16:00:00,151.06
2017/05/09 16:00:00,150.48
2017/05/10 16:00:00,150.29
2017/05/11 16:00:00,150.04
2017/05/12 16:00:00,150.33
2017/05/15 16:00:00,150.19
2017/05/16 16:00:00,149.78
2017/05/17 16:00:00,144.85
2017/05/18 16:00:00,147.66
2017/05/19 16:00:00,148.06
2017/05/22 16:00:00,148.24
2017/05/23 16:00:00,148.07
2017/05/24 16:00:00,150.04
2017/05/25 16:00:00,151.96
2017/05/26 16:00:00,152.13
2017/05/30 16:00:00,152.38
2017/05/31 16:00:00,151.46
2017/06/01 16:00:00,151.53
2017/06/02 16:00:00,153.61
2017/06/05 16:00:00,153.63
2017/06/06 16:00:00,152.81
2017/06/07 16:00:00,153.12
2017/06/08 16:00:00,154.71
2017/06/09 16:00:00,149.6
2017/06/12 16:00:00,148.44
2017/06/13 16:00:00,150.68
2017/06/14 16:00:00,150.25
2017/06/15 16:00:00,149.8
2017/06/16 16:00:00,150.64
2017/06/19 16:00:00,152.87
2017/06/20 16:00:00,152.25
2017/06/21 16:00:00,153.91
2017/06/22 16:00:00,153.4
2017/06/23 16:00:00,155.07
2017/06/26 16:00:00,153.59
2017/06/27 16:00:00,150.58
2017/06/28 16:00:00,153.24
2017/06/29 16:00:00,151.04
2017/06/30 16:00:00,150.98
2017/07/03 16:00:00,148.43
2017/07/05 16:00:00,150.34
2017/07/06 16:00:00,148.82
2017/07/07 16:00:00,151.44
2017/07/10 16:00:00,153.5
2017/07/11 16:00:00,155.27
2017/07/12 16:00:00,158.9
2017/07/13 16:00:00,159.26
2017/07/14 16:00:00,159.97
2017/07/17 16:00:00,159.73
2017/07/18 16:00:00,162.86
2017/07/19 16:00:00,164.14
2017/07/20 16:00:00,164.53
2017/07/21 16:00:00,164.43
2017/07/24 16:00:00,166
2017/07/25 16:00:00,165.28
2017/07/26 16:00:00,165.61
2017/07/27 16:00:00,170.44
2017/07/28 16:00:00,172.45
2017/07/31 16:00:00,169.25
2017/08/01 16:00:00,169.86
2017/08/02 16:00:00,169.3
2017/08/03 16:00:00,168.59
2017/08/04 16:00:00,169.62
2017/08/07 16:00:00,171.98
2017/08/08 16:00:00,171.23
2017/08/09 16:00:00,171.18
2017/08/10 16:00:00,167.4
2017/08/11 16:00:00,168.08
2017/08/14 16:00:00,170.75
2017/08/15 16:00:00,171
2017/08/16 16:00:00,170
2017/08/17 16:00:00,166.91
2017/08/18 16:00:00,167.41
2017/08/21 16:00:00,167.78
2017/08/22 16:00:00,169.64
2017/08/23 16:00:00,168.71
2017/08/24 16:00:00,167.74
2017/08/25 16:00:00,166.32
2017/08/28 16:00:00,167.24
2017/08/29 16:00:00,168.05
2017/08/30 16:00:00,169.92
2017/08/31 16:00:00,171.97
2017/09/01 16:00:00,172.02
2017/09/05 16:00:00,170.72
2017/09/06 16:00:00,172.09
2017/09/07 16:00:00,173.21
2017/09/08 16:00:00,170.95
2017/09/11 16:00:00,173.51
2017/09/12 16:00:00,172.96
2017/09/13 16:00:00,173.05
2017/09/14 16:00:00,170.96
2017/09/15 16:00:00,171.64
2017/09/18 16:00:00,170.01
2017/09/19 16:00:00,172.52
2017/09/20 16:00:00,172.17
2017/09/21 16:00:00,171.11
2017/09/22 16:00:00,170.54
2017/09/25 16:00:00,162.87
2017/09/26 16:00:00,164.21
2017/09/27 16:00:00,167.68
2017/09/28 16:00:00,168.73
2017/09/29 16:00:00,170.87
2017/10/02 16:00:00,169.47
2017/10/03 16:00:00,169.96
2017/10/04 16:00:00,168.42
2017/10/05 16:00:00,171.24
2017/10/06 16:00:00,172.23
2017/10/09 16:00:00,172.5
2017/10/10 16:00:00,171.59
2017/10/11 16:00:00,172.74
2017/10/12 16:00:00,172.55
2017/10/13 16:00:00,173.74
2017/10/16 16:00:00,174.52
2017/10/17 16:00:00,176.11
2017/10/18 16:00:00,176.03
2017/10/19 16:00:00,174.56
2017/10/20 16:00:00,174.98
2017/10/23 16:00:00,171.27
2017/10/24 16:00:00,171.8
2017/10/25 16:00:00,170.6
2017/10/26 16:00:00,170.63
2017/10/27 16:00:00,177.88
2017/10/30 16:00:00,179.87
2017/10/31 16:00:00,180.06
2017/11/01 16:00:00,182.66
2017/11/02 16:00:00,178.92
2017/11/03 16:00:00,178.92
2017/11/06 16:00:00,180.17
2017/11/07 16:00:00,180.25
2017/11/08 16:00:00,179.56
2017/11/09 16:00:00,179.3
2017/11/10 16:00:00,178.46
2017/11/13 16:00:00,178.77
2017/11/14 16:00:00,178.07
2017/11/15 16:00:00,177.95
2017/11/16 16:00:00,179.59
2017/11/17 16:00:00,179
2017/11/20 16:00:00,178.74
2017/11/21 16:00:00,181.86
2017/11/22 16:00:00,180.87
2017/11/24 13:00:00,182.78
2017/11/27 16:00:00,183.03
2017/11/28 16:00:00,182.42
2017/11/29 16:00:00,175.13
2017/11/30 16:00:00,177.18
2017/12/01 16:00:00,175.1
2017/12/04 16:00:00,171.47
2017/12/05 16:00:00,172.83
2017/12/06 16:00:00,176.06
2017/12/07 16:00:00,180.14
2017/12/08 16:00:00,179
2017/12/11 16:00:00,179.04
2017/12/12 16:00:00,176.96
2017/12/13 16:00:00,178.3
2017/12/14 16:00:00,178.39
2017/12/15 16:00:00,180.18
2017/12/18 16:00:00,180.82
2017/12/19 16:00:00,179.51
2017/12/20 16:00:00,177.89
2017/12/21 16:00:00,177.45
2017/12/22 16:00:00,177.2
2017/12/26 16:00:00,175.99
2017/12/27 16:00:00,177.62
2017/12/28 16:00:00,177.92
2017/12/29 16:00:00,176.46
2018/01/02 16:00:00,181.42
2018/01/03 16:00:00,184.67
2018/01/04 16:00:00,184.33
2018/01/05 16:00:00,186.85
2018/01/08 16:00:00,188.28
2018/01/09 16:00:00,187.87
2018/01/10 16:00:00,187.84
2018/01/11 16:00:00,187.77
2018/01/12 16:00:00,179.37
2018/01/16 16:00:00,178.39
2018/01/17 16:00:00,177.6
2018/01/18 16:00:00,179.8
2018/01/19 16:00:00,181.29
2018/01/22 16:00:00,185.37
2018/01/23 16:00:00,189.35
2018/01/24 16:00:00,186.55
2018/01/25 16:00:00,187.48
2018/01/26 16:00:00,190
2018/01/29 16:00:00,185.98
2018/01/30 16:00:00,187.12
2018/01/31 16:00:00,186.89
2018/02/01 16:00:00,193.09
2018/02/02 16:00:00,190.28
2018/02/05 16:00:00,181.26
2018/02/06 16:00:00,185.31
2018/02/07 16:00:00,180.18
2018/02/08 16:00:00,171.58
2018/02/09 16:00:00,176.11
2018/02/12 16:00:00,176.41
2018/02/13 16:00:00,173.15
2018/02/14 16:00:00,179.52
2018/02/15 16:00:00,179.96
2018/02/16 16:00:00,177.36
2018/02/20 16:00:00,176.01
2018/02/21 16:00:00,177.91
2018/02/22 16:00:00,178.99
2018/02/23 16:00:00,183.29
2018/02/26 16:00:00,184.93
2018/02/27 16:00:00,181.46
2018/02/28 16:00:00,178.32
2018/03/01 16:00:00,175.94
2018/03/02 16:00:00,176.62
2018/03/05 16:00:00,180.4
2018/03/06 16:00:00,179.78
2018/03/07 16:00:00,183.71
2018/03/08 16:00:00,182.34
2018/03/09 16:00:00,185.23
2018/03/12 16:00:00,184.76
2018/03/13 16:00:00,181.88
2018/03/14 16:00:00,184.19
2018/03/15 16:00:00,183.86
2018/03/16 16:00:00,185.09
2018/03/19 16:00:00,172.56
2018/03/20 16:00:00,168.15
2018/03/21 16:00:00,169.39
2018/03/22 16:00:00,164.89
2018/03/23 16:00:00,159.39
2018/03/26 16:00:00,160.06
2018/03/27 16:00:00,152.22
2018/03/28 16:00:00,153.03
2018/03/29 16:00:00,159.79
2018/04/02 16:00:00,155.39
2018/04/03 16:00:00,156.11
2018/04/04 16:00:00,155.1
2018/04/05 16:00:00,159.34
2018/04/06 16:00:00,157.2
2018/04/09 16:00:00,157.93
2018/04/10 16:00:00,165.04
2018/04/11 16:00:00,166.32
2018/04/12 16:00:00,163.87
2018/04/13 16:00:00,164.52
2018/04/16 16:00:00,164.83
2018/04/17 16:00:00,168.66
2018/04/18 16:00:00,166.36
2018/04/19 16:00:00,168.1
2018/04/20 16:00:00,166.28
2018/04/23 16:00:00,165.84
2018/04/24 16:00:00,159.69
2018/04/25 16:00:00,159.69
2018/04/26 16:00:00,174.16
2018/04/27 16:00:00,173.59
2018/04/30 16:00:00,172
2018/05/01 16:00:00,173.86
2018/05/02 16:00:00,176.07
2018/05/03 16:00:00,174.02
2018/05/04 16:00:00,176.61
2018/05/07 16:00:00,177.97
2018/05/08 16:00:00,178.92
2018/05/09 16:00:00,182.66
2018/05/10 16:00:00,185.53
2018/05/11 16:00:00,186.99
2018/05/14 16:00:00,186.64
2018/05/15 16:00:00,184.32
2018/05/16 16:00:00,183.2
2018/05/17 16:00:00,183.76
2018/05/18 16:00:00,182.68
2018/05/21 16:00:00,184.49
2018/05/22 16:00:00,183.8
2018/05/23 16:00:00,186.9
2018/05/24 16:00:00,185.93
2018/05/25 16:00:00,184.92
2018/05/29 16:00:00,185.74
2018/05/30 16:00:00,187.67
2018/05/31 16:00:00,191.78
2018/06/01 16:00:00,193.99
2018/06/04 16:00:00,193.28
2018/06/05 16:00:00,192.94
2018/06/06 16:00:00,191.34
2018/06/07 16:00:00,188.18
2018/06/08 16:00:00,189.1
2018/06/11 16:00:00,191.54
2018/06/12 16:00:00,192.4
2018/06/13 16:00:00,192.41
2018/06/14 16:00:00,196.81
2018/06/15 16:00:00,195.85
2018/06/18 16:00:00,198.31
2018/06/19 16:00:00,197.49
2018/06/20 16:00:00,202
2018/06/21 16:00:00,201.5
2018/06/22 16:00:00,201.74
2018/06/25 16:00:00,196.35
2018/06/26 16:00:00,199
2018/06/27 16:00:00,195.84
2018/06/28 16:00:00,196.23
2018/06/29 16:00:00,194.32
2018/07/02 16:00:00,197.36
2018/07/03 13:00:00,192.73
2018/07/05 16:00:00,198.45
2018/07/06 16:00:00,203.23
2018/07/09 16:00:00,204.74
2018/07/10 16:00:00,203.54
2018/07/11 16:00:00,202.54
2018/07/12 16:00:00,206.92
2018/07/13 16:00:00,207.32
2018/07/16 16:00:00,207.23
2018/07/17 16:00:00,209.99
2018/07/18 16:00:00,209.36
2018/07/19 16:00:00,208.09
2018/07/20 16:00:00,209.94
2018/07/23 16:00:00,210.91
2018/07/24 16:00:00,214.67
2018/07/25 16:00:00,217.5
2018/07/26 16:00:00,176.26
2018/07/27 16:00:00,174.89
2018/07/30 16:00:00,171.06
2018/07/31 16:00:00,172.58
2018/08/01 16:00:00,171.65
2018/08/02 16:00:00,176.37
2018/08/03 16:00:00,177.78
2018/08/06 16:00:00,185.69
2018/08/07 16:00:00,183.81
2018/08/08 16:00:00,185.18
2018/08/09 16:00:00,183.09
2018/08/10 16:00:00,180.26
2018/08/13 16:00:00,180.05
2018/08/14 16:00:00,181.11
2018/08/15 16:00:00,179.53
2018/08/16 16:00:00,174.7
2018/08/17 16:00:00,173.8
2018/08/20 16:00:00,172.5
2018/08/21 16:00:00,172.62
2018/08/22 16:00:00,173.64
2018/08/23 16:00:00,172.9
2018/08/24 16:00:00,174.65
2018/08/27 16:00:00,177.46
2018/08/28 16:00:00,176.26
2018/08/29 16:00:00,175.9
2018/08/30 16:00:00,177.64
2018/08/31 16:00:00,175.73
2018/09/04 16:00:00,171.16
2018/09/05 16:00:00,167.18
2018/09/06 16:00:00,162.53
2018/09/07 16:00:00,163.04
2018/09/10 16:00:00,164.18
2018/09/11 16:00:00,165.94
2018/09/12 16:00:00,162
2018/09/13 16:00:00,161.36
2018/09/14 16:00:00,162.32
2018/09/17 16:00:00,160.58
2018/09/18 16:00:00,160.3
2018/09/19 16:00:00,163.06
2018/09/20 16:00:00,166.02
2018/09/21 16:00:00,162.93
2018/09/24 16:00:00,165.41
2018/09/25 16:00:00,164.91
2018/09/26 16:00:00,166.95
2018/09/27 16:00:00,168.84
2018/09/28 16:00:00,164.46
2018/10/01 16:00:00,162.44
2018/10/02 16:00:00,159.33
2018/10/03 16:00:00,162.43
2018/10/04 16:00:00,158.85
2018/10/05 16:00:00,157.33
2018/10/08 16:00:00,157.25
2018/10/09 16:00:00,157.9
2018/10/10 16:00:00,151.38
2018/10/11 16:00:00,153.35
2018/10/12 16:00:00,153.74
2018/10/15 16:00:00,153.52
2018/10/16 16:00:00,158.78
2018/10/17 16:00:00,159.42
2018/10/18 16:00:00,154.92
2018/10/19 16:00:00,154.05
2018/10/22 16:00:00,154.78
2018/10/23 16:00:00,154.39
2018/10/24 16:00:00,146.04
2018/10/25 16:00:00,150.95
2018/10/26 16:00:00,145.37
2018/10/29 16:00:00,142.09
2018/10/30 16:00:00,146.22
2018/10/31 16:00:00,151.79
2018/11/01 16:00:00,151.75
2018/11/02 16:00:00,150.35
2018/11/05 16:00:00,148.68
2018/11/06 16:00:00,149.94
2018/11/07 16:00:00,151.53
2018/11/08 16:00:00,147.87
2018/11/09 16:00:00,144.96
2018/11/12 16:00:00,141.55
2018/11/13 16:00:00,142.16
2018/11/14 16:00:00,144.22
2018/11/15 16:00:00,143.85
2018/11/16 16:00:00,139.53
2018/11/19 16:00:00,131.55
2018/11/20 16:00:00,132.43
2018/11/21 16:00:00,134.82
2018/11/23 13:00:00,131.73
2018/11/26 16:00:00,136.38
2018/11/27 16:00:00,135
2018/11/28 16:00:00,136.76
2018/11/29 16:00:00,138.68
2018/11/30 16:00:00,140.61
2018/12/03 16:00:00,141.09
2018/12/04 16:00:00,137.93
2018/12/06 16:00:00,139.63
2018/12/07 16:00:00,137.42
2018/12/10 16:00:00,141.85
2018/12/11 16:00:00,142.08
2018/12/12 16:00:00,144.5
2018/12/13 16:00:00,145.01
2018/12/14 16:00:00,144.06
2018/12/17 16:00:00,140.19
2018/12/18 16:00:00,143.66
2018/12/19 16:00:00,133.24
2018/12/20 16:00:00,133.4
2018/12/21 16:00:00,124.95
2018/12/24 13:00:00,124.06
2018/12/26 16:00:00,134.18
2018/12/27 16:00:00,134.52
2018/12/28 16:00:00,133.2
2018/12/31 16:00:00,131.09
2019/01/02 16:00:00,135.68
2019/01/03 16:00:00,131.74
2019/01/04 16:00:00,137.95
2019/01/07 16:00:00,138.05
2019/01/08 16:00:00,142.53
2019/01/09 16:00:00,144.23
2019/01/10 16:00:00,144.2
2019/01/11 16:00:00,143.8
2019/01/14 16:00:00,145.39
2019/01/15 16:00:00,148.95
2019/01/16 16:00:00,147.54
2019/01/17 16:00:00,148.3
2019/01/18 16:00:00,150.04
2019/01/22 16:00:00,147.57
2019/01/23 16:00:00,144.3
2019/01/24 16:00:00,145.83
2019/01/25 16:00:00,149.01
2019/01/28 16:00:00,147.47
2019/01/29 16:00:00,144.19
2019/01/30 16:00:00,150.42
2019/01/31 16:00:00,166.69
2019/02/01 16:00:00,165.71
2019/02/04 16:00:00,169.25
2019/02/05 16:00:00,171.16
2019/02/06 16:00:00,170.49
2019/02/07 16:00:00,166.38
2019/02/08 16:00:00,167.33
2019/02/11 16:00:00,165.79
2019/02/12 16:00:00,165.04
2019/02/13 16:00:00,164.07
2019/02/14 16:00:00,163.95
2019/02/15 16:00:00,162.5
2019/02/19 16:00:00,162.29
2019/02/20 16:00:00,162.56
2019/02/21 16:00:00,160.04
2019/02/22 16:00:00,161.89
2019/02/25 16:00:00,164.62
2019/02/26 16:00:00,164.13
2019/02/27 16:00:00,162.81
2019/02/28 16:00:00,161.45
2019/03/01 16:00:00,162.28
2019/03/04 16:00:00,167.37
2019/03/05 16:00:00,171.26
2019/03/06 16:00:00,172.51
2019/03/07 16:00:00,169.13
2019/03/08 16:00:00,169.6
2019/03/11 16:00:00,172.07
2019/03/12 16:00:00,171.92
2019/03/13 16:00:00,173.37
2019/03/14 16:00:00,170.17
2019/03/15 16:00:00,165.98
2019/03/18 16:00:00,160.47
2019/03/19 16:00:00,161.57
2019/03/20 16:00:00,165.44
2019/03/21 16:00:00,166.08
2019/03/22 16:00:00,164.34
2019/03/25 16:00:00,166.29
2019/03/26 16:00:00,167.68
2019/03/27 16:00:00,165.87
2019/03/28 16:00:00,165.55
2019/03/29 16:00:00,166.69
2019/04/01 16:00:00,168.7
2019/04/02 16:00:00,174.2
2019/04/03 16:00:00,173.54
2019/04/04 16:00:00,176.02
2019/04/05 16:00:00,175.72
2019/04/08 16:00:00,174.93
2019/04/09 16:00:00,177.58
2019/04/10 16:00:00,177.82
2019/04/11 16:00:00,177.51
2019/04/12 16:00:00,179.1
2019/04/15 16:00:00,179.65
2019/04/16 16:00:00,178.87
2019/04/17 16:00:00,178.78
2019/04/18 16:00:00,178.28
2019/04/22 16:00:00,181.44
2019/04/23 16:00:00,183.78
2019/04/24 16:00:00,182.58
2019/04/25 16:00:00,193.26
2019/04/26 16:00:00,191.49
2019/04/29 16:00:00,194.78
2019/04/30 16:00:00,193.4
2019/05/01 16:00:00,193.03
2019/05/02 16:00:00,192.53
2019/05/03 16:00:00,195.47
2019/05/06 16:00:00,193.88
2019/05/07 16:00:00,189.77
2019/05/08 16:00:00,189.54
2019/05/09 16:00:00,188.65
2019/05/10 16:00:00,188.34
2019/05/13 16:00:00,181.54
2019/05/14 16:00:00,180.73
2019/05/15 16:00:00,186.27
2019/05/16 16:00:00,186.99
2019/05/17 16:00:00,185.3
2019/05/20 16:00:00,182.72
2019/05/21 16:00:00,184.82
2019/05/22 16:00:00,185.32
2019/05/23 16:00:00,180.87
2019/05/24 16:00:00,181.06
2019/05/28 16:00:00,184.31
2019/05/29 16:00:00,182.19
2019/05/30 16:00:00,183.01
2019/05/31 16:00:00,177.47
2019/06/03 16:00:00,164.15
2019/06/04 16:00:00,167.5
2019/06/05 16:00:00,168.17
2019/06/06 16:00:00,168.33
2019/06/07 16:00:00,173.35
2019/06/10 16:00:00,174.82
2019/06/11 16:00:00,178.1
2019/06/12 16:00:00,175.04
2019/06/13 16:00:00,177.47
2019/06/14 16:00:00,181.33
2019/06/17 16:00:00,189.01
2019/06/18 16:00:00,188.47
2019/06/19 16:00:00,187.48
2019/06/20 16:00:00,189.53
2019/06/21 16:00:00,191.14
2019/06/24 16:00:00,192.6
2019/06/25 16:00:00,188.84
2019/06/26 16:00:00,187.66
2019/06/27 16:00:00,189.5
2019/06/28 16:00:00,193
2019/07/01 16:00:00,193
2019/07/02 16:00:00,195
2019/07/03 13:00:00,197.2
2019/07/05 16:00:00,196.4
2019/07/08 16:00:00,195.76
2019/07/09 16:00:00,199.21
2019/07/10 16:00:00,202.73
2019/07/11 16:00:00,201.23
2019/07/12 16:00:00,204.87
2019/07/15 16:00:00,203.91
2019/07/16 16:00:00,203.84
2019/07/17 16:00:00,201.8
2019/07/18 16:00:00,200.78
2019/07/19 16:00:00,198.36
2019/07/22 16:00:00,202.32
2019/07/23 16:00:00,202.36
2019/07/24 16:00:00,204.66
2019/07/25 16:00:00,200.71
2019/07/26 16:00:00,199.75
2019/07/29 16:00:00,195.94
2019/07/30 16:00:00,197.04
2019/07/31 16:00:00,194.23
2019/08/01 16:00:00,192.73
2019/08/02 16:00:00,189.02
2019/08/05 16:00:00,181.73
2019/08/06 16:00:00,184.51
2019/08/07 16:00:00,185.15
2019/08/08 16:00:00,190.16
2019/08/09 16:00:00,187.85
2019/08/12 16:00:00,185.37
2019/08/13 16:00:00,188.45
2019/08/14 16:00:00,179.71
2019/08/15 16:00:00,182.59
2019/08/16 16:00:00,183.7
2019/08/19 16:00:00,186.17
2019/08/20 16:00:00,183.81
2019/08/21 16:00:00,183.55
2019/08/22 16:00:00,182.04
2019/08/23 16:00:00,177.75
2019/08/26 16:00:00,180.36
2019/08/27 16:00:00,181.3
2019/08/28 16:00:00,181.76
2019/08/29 16:00:00,185.57
2019/08/30 16:00:00,185.67
2019/09/03 16:00:00,182.39
2019/09/04 16:00:00,187.14
2019/09/05 16:00:00,190.9
2019/09/06 16:00:00,187.49
2019/09/09 16:00:00,188.76
2019/09/10 16:00:00,186.17
2019/09/11 16:00:00,188.49
2019/09/12 16:00:00,187.47
2019/09/13 16:00:00,187.19
2019/09/16 16:00:00,186.22
2019/09/17 16:00:00,188.08
2019/09/18 16:00:00,188.14
2019/09/19 16:00:00,190.14
2019/09/20 16:00:00,189.93
2019/09/23 16:00:00,186.82
2019/09/24 16:00:00,181.28
2019/09/25 16:00:00,182.8
2019/09/26 16:00:00,180.11
2019/09/27 16:00:00,177.1
2019/09/30 16:00:00,178.08
2019/10/01 16:00:00,175.81
2019/10/02 16:00:00,174.6
2019/10/03 16:00:00,179.38
2019/10/04 16:00:00,180.45
2019/10/07 16:00:00,179.68
2019/10/08 16:00:00,177.75
2019/10/09 16:00:00,179.85
2019/10/10 16:00:00,180.03
2019/10/11 16:00:00,184.19
2019/10/14 16:00:00,183.28
2019/10/15 16:00:00,188.89
2019/10/16 16:00:00,189.55
2019/10/17 16:00:00,190.39
2019/10/18 16:00:00,185.85
2019/10/21 16:00:00,189.76
2019/10/22 16:00:00,182.34
2019/10/23 16:00:00,186.15
2019/10/24 16:00:00,186.38
2019/10/25 16:00:00,187.89
2019/10/28 16:00:00,189.4
2019/10/29 16:00:00,189.31
2019/10/30 16:00:00,188.25
2019/10/31 16:00:00,191.65
2019/11/01 16:00:00,193.62
2019/11/04 16:00:00,194.72
2019/11/05 16:00:00,194.32
2019/11/06 16:00:00,191.55
2019/11/07 16:00:00,190.42
2019/11/08 16:00:00,190.84
2019/11/11 16:00:00,189.61
2019/11/12 16:00:00,194.47
2019/11/13 16:00:00,193.19
2019/11/14 16:00:00,193.15
2019/11/15 16:00:00,195.1
2019/11/18 16:00:00,197.4
2019/11/19 16:00:00,199.32
2019/11/20 16:00:00,197.51
2019/11/21 16:00:00,197.93
2019/11/22 16:00:00,198.82
2019/11/25 16:00:00,199.79
2019/11/26 16:00:00,198.97
2019/11/27 16:00:00,202
2019/11/29 13:00:00,201.64
2019/12/02 16:00:00,199.7
2019/12/03 16:00:00,198.82
2019/12/04 16:00:00,198.71
2019/12/05 16:00:00,199.36
2019/12/06 16:00:00,201.05
2019/12/09 16:00:00,201.34
2019/12/10 16:00:00,200.87
2019/12/11 16:00:00,202.26
2019/12/12 16:00:00,196.75
2019/12/13 16:00:00,194.11
2019/12/16 16:00:00,197.92
2019/12/17 16:00:00,198.39
2019/12/18 16:00:00,202.5
2019/12/19 16:00:00,206.06
2019/12/20 16:00:00,206.3
2019/12/23 16:00:00,206.18
2019/12/24 13:00:00,205.12
2019/12/26 16:00:00,207.79
2019/12/27 16:00:00,208.1
2019/12/30 16:00:00,204.41
2019/12/31 16:00:00,205.25
2020/01/02 16:00:00,209.78
2020/01/03 16:00:00,208.67
2020/01/06 16:00:00,212.6
2020/01/07 16:00:00,213.06
2020/01/08 16:00:00,215.22
2020/01/09 16:00:00,218.3
2020/01/10 16:00:00,218.06
2020/01/13 16:00:00,221.91
2020/01/14 16:00:00,219.06
2020/01/15 16:00:00,221.15
2020/01/16 16:00:00,221.77
2020/01/17 16:00:00,222.14
2020/01/21 16:00:00,221.44
2020/01/22 16:00:00,221.32
2020/01/23 16:00:00,219.76
2020/01/24 16:00:00,217.94
2020/01/27 16:00:00,214.87
2020/01/28 16:00:00,217.79
2020/01/29 16:00:00,223.23
2020/01/30 16:00:00,209.53
2020/01/31 16:00:00,201.91
2020/02/03 16:00:00,204.19
2020/02/04 16:00:00,209.83
2020/02/05 16:00:00,210.11
2020/02/06 16:00:00,210.85
2020/02/07 16:00:00,212.33
2020/02/10 16:00:00,213.06
2020/02/11 16:00:00,207.19
2020/02/12 16:00:00,210.76
2020/02/13 16:00:00,213.14
2020/02/14 16:00:00,214.18
2020/02/18 16:00:00,217.8
2020/02/19 16:00:00,217.49
2020/02/20 16:00:00,214.58
2020/02/21 16:00:00,210.18
2020/02/24 16:00:00,200.72
2020/02/25 16:00:00,196.77
2020/02/26 16:00:00,197.2
2020/02/27 16:00:00,189.75
2020/02/28 16:00:00,192.47
2020/03/02 16:00:00,196.44
2020/03/03 16:00:00,185.89
2020/03/04 16:00:00,191.76
2020/03/05 16:00:00,185.17
2020/03/06 16:00:00,181.09
2020/03/09 16:00:00,169.5
2020/03/10 16:00:00,178.19
2020/03/11 16:00:00,170.24
2020/03/12 16:00:00,154.47
2020/03/13 16:00:00,170.28
2020/03/16 16:00:00,146.01
2020/03/17 16:00:00,149.42
2020/03/18 16:00:00,146.96
2020/03/19 16:00:00,153.13
2020/03/20 16:00:00,149.73
2020/03/23 16:00:00,148.1
2020/03/24 16:00:00,160.98
2020/03/25 16:00:00,156.21
2020/03/26 16:00:00,163.34
2020/03/27 16:00:00,156.79
2020/03/30 16:00:00,165.95
2020/03/31 16:00:00,166.8
2020/04/01 16:00:00,159.6
2020/04/02 16:00:00,158.19
2020/04/03 16:00:00,154.18
2020/04/06 16:00:00,165.55
2020/04/07 16:00:00,168.83
2020/04/08 16:00:00,174.28
2020/04/09 16:00:00,175.19
2020/04/13 16:00:00,174.79
2020/04/14 16:00:00,178.17
2020/04/15 16:00:00,176.97
2020/04/16 16:00:00,176.25
2020/04/17 16:00:00,179.24
2020/04/20 16:00:00,178.24
2020/04/21 16:00:00,170.8
2020/04/22 16:00:00,182.28
2020/04/23 16:00:00,185.13
2020/04/24 16:00:00,190.07
2020/04/27 16:00:00,187.5
2020/04/28 16:00:00,182.91
2020/04/29 16:00:00,194.19
2020/04/30 16:00:00,204.71
2020/05/01 16:00:00,202.27
2020/05/04 16:00:00,205.26
2020/05/05 16:00:00,207.07
2020/05/06 16:00:00,208.47
2020/05/07 16:00:00,211.26
2020/05/08 16:00:00,212.35
2020/05/11 16:00:00,213.18
2020/05/12 16:00:00,210.1
2020/05/13 16:00:00,205.1
2020/05/14 16:00:00,206.81
2020/05/15 16:00:00,210.88
2020/05/18 16:00:00,213.19
2020/05/19 16:00:00,216.88
2020/05/20 16:00:00,229.97
2020/05/21 16:00:00,231.39
2020/05/22 16:00:00,234.91
2020/05/26 16:00:00,232.2
2020/05/27 16:00:00,229.14
2020/05/28 16:00:00,225.46
2020/05/29 16:00:00,225.09
2020/06/01 16:00:00,231.91
2020/06/02 16:00:00,232.72
2020/06/03 16:00:00,230.16
2020/06/04 16:00:00,226.29
2020/06/05 16:00:00,230.77
2020/06/08 16:00:00,231.4
2020/06/09 16:00:00,238.67
2020/06/10 16:00:00,236.73
2020/06/11 16:00:00,224.43
2020/06/12 16:00:00,228.58
2020/06/15 16:00:00,232.5
2020/06/16 16:00:00,235.65
2020/06/17 16:00:00,235.53
2020/06/18 16:00:00,235.94
2020/06/19 16:00:00,238.79
2020/06/22 16:00:00,239.22
2020/06/23 16:00:00,242.24
2020/06/24 16:00:00,234.02
2020/06/25 16:00:00,235.68
2020/06/26 16:00:00,216.08
2020/06/29 16:00:00,220.64
2020/06/30 16:00:00,227.07
2020/07/01 16:00:00,237.55
2020/07/02 16:00:00,233.42
2020/07/06 16:00:00,240.28
2020/07/07 16:00:00,240.86
2020/07/08 16:00:00,243.58
2020/07/09 16:00:00,244.5
2020/07/10 16:00:00,245.07
2020/07/13 16:00:00,239
2020/07/14 16:00:00,239.73
2020/07/15 16:00:00,240.28
2020/07/16 16:00:00,240.93
2020/07/17 16:00:00,242.03
2020/07/20 16:00:00,245.42
2020/07/21 16:00:00,241.75
2020/07/22 16:00:00,239.87
2020/07/23 16:00:00,232.6
2020/07/24 16:00:00,230.71
2020/07/27 16:00:00,233.5
2020/07/28 16:00:00,230.12
2020/07/29 16:00:00,233.29
2020/07/30 16:00:00,234.5
2020/07/31 16:00:00,253.67
2020/08/03 16:00:00,251.96
2020/08/04 16:00:00,249.83
2020/08/05 16:00:00,249.12
2020/08/06 16:00:00,265.28
2020/08/07 16:00:00,268.44
2020/08/10 16:00:00,263
2020/08/11 16:00:00,256.13
2020/08/12 16:00:00,259.89
2020/08/13 16:00:00,261.3
2020/08/14 16:00:00,261.24
2020/08/17 16:00:00,261.16
2020/08/18 16:00:00,262.34
2020/08/19 16:00:00,262.59
2020/08/20 16:00:00,269.01
2020/08/21 16:00:00,267.01
2020/08/24 16:00:00,271.39
2020/08/25 16:00:00,280.82
2020/08/26 16:00:00,303.91
2020/08/27 16:00:00,293.22
2020/08/28 16:00:00,293.66
2020/08/31 16:00:00,293.2
2020/09/01 16:00:00,295.44
2020/09/02 16:00:00,302.5
2020/09/03 16:00:00,291.12
2020/09/04 16:00:00,282.73
2020/09/08 16:00:00,271.16
2020/09/09 16:00:00,273.72
2020/09/10 16:00:00,268.09
2020/09/11 16:00:00,266.61
2020/09/14 16:00:00,266.15
2020/09/15 16:00:00,272.42
2020/09/16 16:00:00,263.52
2020/09/17 16:00:00,254.82
2020/09/18 16:00:00,252.53
2020/09/21 16:00:00,248.15
2020/09/22 16:00:00,254.75
2020/09/23 16:00:00,249.02
2020/09/24 16:00:00,249.53
2020/09/25 16:00:00,254.82
2020/09/28 16:00:00,256.82
2020/09/29 16:00:00,261.79
2020/09/30 16:00:00,261.9
2020/10/01 16:00:00,266.63
2020/10/02 16:00:00,259.94
2020/10/05 16:00:00,264.65
2020/10/06 16:00:00,258.66
2020/10/07 16:00:00,258.12
2020/10/08 16:00:00,263.76
2020/10/09 16:00:00,264.45
2020/10/12 16:00:00,275.75
2020/10/13 16:00:00,276.14
2020/10/14 16:00:00,271.82
2020/10/15 16:00:00,266.72
2020/10/16 16:00:00,265.93
2020/10/19 16:00:00,261.4
2020/10/20 16:00:00,267.56
2020/10/21 16:00:00,278.73
2020/10/22 16:00:00,278.12
2020/10/23 16:00:00,284.79
2020/10/26 16:00:00,277.11
2020/10/27 16:00:00,283.29
2020/10/28 16:00:00,267.67
2020/10/29 16:00:00,280.83
2020/10/30 16:00:00,263.11
2020/11/02 16:00:00,261.36
2020/11/03 16:00:00,265.3
2020/11/04 16:00:00,287.38
2020/11/05 16:00:00,294.68
2020/11/06 16:00:00,293.41
2020/11/09 16:00:00,278.77
2020/11/10 16:00:00,272.43
2020/11/11 16:00:00,276.48
2020/11/12 16:00:00,275.08
2020/11/13 16:00:00,276.95
2020/11/16 16:00:00,278.96
2020/11/17 16:00:00,275
2020/11/18 16:00:00,271.97
2020/11/19 16:00:00,272.94
2020/11/20 16:00:00,269.7
2020/11/23 16:00:00,268.43
2020/11/24 16:00:00,276.92
2020/11/25 16:00:00,275.59
2020/11/27 13:00:00,277.81
2020/11/30 16:00:00,276.97
2020/12/01 16:00:00,286.55
2020/12/02 16:00:00,287.52
2020/12/03 16:00:00,281.85
2020/12/04 16:00:00,279.7
2020/12/07 16:00:00,285.58
2020/12/08 16:00:00,283.4
2020/12/09 16:00:00,277.92
2020/12/10 16:00:00,277.12
2020/12/11 16:00:00,273.55
2020/12/14 16:00:00,274.19
2020/12/15 16:00:00,275.55
2020/12/16 16:00:00,275.67
2020/12/17 16:00:00,274.48
2020/12/18 16:00:00,276.4
2020/12/21 16:00:00,272.79
2020/12/22 16:00:00,267.09
2020/12/23 16:00:00,268.11
2020/12/24 13:00:00,267.4
2020/12/28 16:00:00,277
2020/12/29 16:00:00,276.78
2020/12/30 16:00:00,271.87
2020/12/31 16:00:00,273.16
2021/01/04 16:00:00,268.94
2021/01/05 16:00:00,270.97
2021/01/06 16:00:00,263.31
2021/01/07 16:00:00,268.74
2021/01/08 16:00:00,267.57
2021/01/11 16:00:00,256.84
2021/01/12 16:00:00,251.09
2021/01/13 16:00:00,251.64
2021/01/14 16:00:00,245.64
2021/01/15 16:00:00,251.36
2021/01/19 16:00:00,261.1
2021/01/20 16:00:00,267.48
2021/01/21 16:00:00,272.87
2021/01/22 16:00:00,274.5
2021/01/25 16:00:00,278.01
2021/01/26 16:00:00,282.05
2021/01/27 16:00:00,272.14
2021/01/28 16:00:00,265
2021/01/29 16:00:00,258.33
2021/02/01 16:00:00,262.01
2021/02/02 16:00:00,267.08
2021/02/03 16:00:00,266.65
2021/02/04 16:00:00,266.49
2021/02/05 16:00:00,268.1
2021/02/08 16:00:00,266.58
2021/02/09 16:00:00,269.45
2021/02/10 16:00:00,271.87
2021/02/11 16:00:00,270.39
2021/02/12 16:00:00,270.5
2021/02/16 16:00:00,273.97
2021/02/17 16:00:00,273.57
2021/02/18 16:00:00,269.39
2021/02/19 16:00:00,261.56
2021/02/22 16:00:00,260.33
2021/02/23 16:00:00,265.86
2021/02/24 16:00:00,264.31
2021/02/25 16:00:00,254.69
2021/02/26 16:00:00,257.62
2021/03/01 16:00:00,264.91
2021/03/02 16:00:00,259
2021/03/03 16:00:00,255.41
2021/03/04 16:00:00,257.64
2021/03/05 16:00:00,264.28
2021/03/08 16:00:00,255.31
2021/03/09 16:00:00,265.74
2021/03/10 16:00:00,264.9
2021/03/11 16:00:00,273.88
2021/03/12 16:00:00,268.4
2021/03/15 16:00:00,273.75
2021/03/16 16:00:00,279.28
2021/03/17 16:00:00,284.01
2021/03/18 16:00:00,278.62
2021/03/19 16:00:00,290.11
2021/03/22 16:00:00,293.54
2021/03/23 16:00:00,290.63
2021/03/24 16:00:00,282.14
2021/03/25 16:00:00,278.74
2021/03/26 16:00:00,283.02
2021/03/29 16:00:00,290.82
2021/03/30 16:00:00,288
2021/03/31 16:00:00,294.53
2021/04/01 16:00:00,298.66
2021/04/05 16:00:00,308.91
2021/04/06 16:00:00,306.26
2021/04/07 16:00:00,313.09
2021/04/08 16:00:00,313.02
2021/04/09 16:00:00,312.46
2021/04/12 16:00:00,311.54
2021/04/13 16:00:00,309.76
2021/04/14 16:00:00,302.82
2021/04/15 16:00:00,307.82
2021/04/16 16:00:00,306.18
2021/04/19 16:00:00,302.24
2021/04/20 16:00:00,302.65
2021/04/21 16:00:00,301.47
2021/04/22 16:00:00,296.52
2021/04/23 16:00:00,301.13
2021/04/26 16:00:00,303.04
2021/04/27 16:00:00,303.57
2021/04/28 16:00:00,307.1
2021/04/29 16:00:00,329.51
2021/04/30 16:00:00,325.08
2021/05/03 16:00:00,322.58
2021/05/04 16:00:00,318.36
2021/05/05 16:00:00,315.02
2021/05/06 16:00:00,320.02
2021/05/07 16:00:00,319.08
2021/05/10 16:00:00,305.97
2021/05/11 16:00:00,306.53
2021/05/12 16:00:00,302.55
2021/05/13 16:00:00,305.26
2021/05/14 16:00:00,315.94
2021/05/17 16:00:00,315.46
2021/05/18 16:00:00,309.96
2021/05/19 16:00:00,313.59
2021/05/20 16:00:00,318.61
2021/05/21 16:00:00,316.23
2021/05/24 16:00:00,324.63
2021/05/25 16:00:00,327.79
2021/05/26 16:00:00,327.66
2021/05/27 16:00:00,332.75
2021/05/28 16:00:00,328.73
2021/06/01 16:00:00,329.13
2021/06/02 16:00:00,329.15
2021/06/03 16:00:00,326.04
2021/06/04 16:00:00,330.35
2021/06/07 16:00:00,336.58
2021/06/08 16:00:00,333.68
2021/06/09 16:00:00,330.25
2021/06/10 16:00:00,332.46
2021/06/11 16:00:00,331.26
2021/06/14 16:00:00,336.77
2021/06/15 16:00:00,336.75
2021/06/16 16:00:00,331.08
2021/06/17 16:00:00,336.51
2021/06/18 16:00:00,329.66
2021/06/21 16:00:00,332.29
2021/06/22 16:00:00,339.03
2021/06/23 16:00:00,340.59
2021/06/24 16:00:00,343.18
2021/06/25 16:00:00,341.37
2021/06/28 16:00:00,355.64
2021/06/29 16:00:00,351.89
2021/06/30 16:00:00,347.71
2021/07/01 16:00:00,354.39
2021/07/02 16:00:00,354.7
2021/07/06 16:00:00,352.78
2021/07/07 16:00:00,350.49
2021/07/08 16:00:00,345.65
2021/07/09 16:00:00,350.42
2021/07/12 16:00:00,353.16
2021/07/13 16:00:00,352.09
2021/07/14 16:00:00,347.63
2021/07/15 16:00:00,344.46
2021/07/16 16:00:00,341.16
2021/07/19 16:00:00,336.95
2021/07/20 16:00:00,341.66
2021/07/21 16:00:00,346.23
2021/07/22 16:00:00,351.19
2021/07/23 16:00:00,369.79
2021/07/26 16:00:00,372.46
2021/07/27 16:00:00,367.81
2021/07/28 16:00:00,373.28
2021/07/29 16:00:00,358.32
2021/07/30 16:00:00,356.3
2021/08/02 16:00:00,351.95
2021/08/03 16:00:00,351.24
2021/08/04 16:00:00,358.92
2021/08/05 16:00:00,362.97
2021/08/06 16:00:00,363.51
2021/08/09 16:00:00,361.61
2021/08/10 16:00:00,361.13
2021/08/11 16:00:00,359.96
2021/08/12 16:00:00,362.65
2021/08/13 16:00:00,363.18
2021/08/16 16:00:00,366.56
2021/08/17 16:00:00,358.45
2021/08/18 16:00:00,355.45
2021/08/19 16:00:00,355.12
2021/08/20 16:00:00,359.37
2021/08/23 16:00:00,363.35
2021/08/24 16:00:00,365.51
2021/08/25 16:00:00,368.39
2021/08/26 16:00:00,364.38
2021/08/27 16:00:00,372.63
2021/08/30 16:00:00,380.66
2021/08/31 16:00:00,379.38
2021/09/01 16:00:00,382.05
2021/09/02 16:00:00,375.28
2021/09/03 16:00:00,376.26
2021/09/07 16:00:00,382.18
2021/09/08 16:00:00,377.57
2021/09/09 16:00:00,378
2021/09/10 16:00:00,378.69
2021/09/13 16:00:00,376.51
2021/09/14 16:00:00,376.53
2021/09/15 16:00:00,373.92
2021/09/16 16:00:00,373.06
2021/09/17 16:00:00,364.72
2021/09/20 16:00:00,355.7
2021/09/21 16:00:00,357.48
2021/09/22 16:00:00,343.21
2021/09/23 16:00:00,345.96
2021/09/24 16:00:00,352.96
2021/09/27 16:00:00,353.58
2021/09/28 16:00:00,340.65
2021/09/29 16:00:00,339.61
2021/09/30 16:00:00,339.39
2021/10/01 16:00:00,343.01
2021/10/04 16:00:00,326.23
2021/10/05 16:00:00,332.96
2021/10/06 16:00:00,333.64
2021/10/07 16:00:00,329.22
2021/10/08 16:00:00,330.05
2021/10/11 16:00:00,325.45
2021/10/12 16:00:00,323.77
2021/10/13 16:00:00,324.54
2021/10/14 16:00:00,328.53
2021/10/15 16:00:00,324.76
2021/10/18 16:00:00,335.34
2021/10/19 16:00:00,339.99
2021/10/20 16:00:00,340.78
2021/10/21 16:00:00,341.88
2021/10/22 16:00:00,324.61
2021/10/25 16:00:00,328.69
2021/10/26 16:00:00,315.81
2021/10/27 16:00:00,312.22
2021/10/28 16:00:00,316.92
2021/10/29 16:00:00,323.57
2021/11/01 16:00:00,329.98
2021/11/02 16:00:00,328.08
2021/11/03 16:00:00,331.62
2021/11/04 16:00:00,335.85
2021/11/05 16:00:00,341.13
2021/11/08 16:00:00,338.62
2021/11/09 16:00:00,335.37
2021/11/10 16:00:00,327.64
2021/11/11 16:00:00,327.74
2021/11/12 16:00:00,340.89
2021/11/15 16:00:00,347.56
2021/11/16 16:00:00,342.96
2021/11/17 16:00:00,340.77
2021/11/18 16:00:00,338.69
2021/11/19 16:00:00,345.3
2021/11/22 16:00:00,341.01
2021/11/23 16:00:00,337.25
2021/11/24 16:00:00,341.06
2021/11/26 13:00:00,333.12
2021/11/29 16:00:00,338.03
2021/11/30 16:00:00,324.46
2021/12/01 16:00:00,310.6
2021/12/02 16:00:00,310.39
2021/12/03 16:00:00,306.84
2021/12/06 16:00:00,317.87
2021/12/07 16:00:00,322.81
2021/12/08 16:00:00,330.56
2021/12/09 16:00:00,329.82
2021/12/10 16:00:00,329.75
2021/12/13 16:00:00,334.49
2021/12/14 16:00:00,333.74